offense,offense_conference,avg_start_field_pos_off,defense_conference,avg_start_field_pos_def,net_field_pos,id,mascot,abbreviation,alt_name1,alt_name2,alt_name3,conference,division,color,alt_color,light,dark
Abilene Christian,,71.3235294117647,,68.9142857142857,-2.409243697479,,,,,,,,,,,,
Air Force,Mountain West,72.1379310344828,Mountain West,70.8166666666667,-1.3212643678161,2005,Falcons,AFA,,AFA,Air Force,Mountain West,Mountain,#004a7b,#ffffff,http://a.espncdn.com/i/teamlogos/ncaa/500/2005.png,http://a.espncdn.com/i/teamlogos/ncaa/500-dark/2005.png
Akron,Mid-American,72.5070422535211,Mid-American,64.3181818181818,-8.18886043533931,2006,Zips,AKR,,AKR,Akron,Mid-American,East,#00285e,#84754e,http://a.espncdn.com/i/teamlogos/ncaa/500/2006.png,http://a.espncdn.com/i/teamlogos/ncaa/500-dark/2006.png
Alabama,SEC,69.1666666666667,SEC,73.9294871794872,4.76282051282051,333,Crimson Tide,ALA,,ALA,Alabama,SEC,West,#690014,#f1f2f3,http://a.espncdn.com/i/teamlogos/ncaa/500/333.png,http://a.espncdn.com/i/teamlogos/ncaa/500-dark/333.png
Appalachian State,Sun Belt,68.9712230215827,Sun Belt,73.8652482269504,4.89402520536763,2026,Mountaineers,APP,,APP,Appalachian St,Sun Belt,,#000000,#ffcd00,http://a.espncdn.com/i/teamlogos/ncaa/500/2026.png,http://a.espncdn.com/i/teamlogos/ncaa/500-dark/2026.png
Arizona,Pac-12,76.3538461538462,Pac-12,63.6119402985075,-12.7419058553387,12,Wildcats,ARIZ,,ARIZ,Arizona,Pac-12,South,#002449,#00205b,http://a.espncdn.com/i/teamlogos/ncaa/500/12.png,http://a.espncdn.com/i/teamlogos/ncaa/500-dark/12.png
Arizona State,Pac-12,63.08,Pac-12,74.2307692307692,11.1507692307692,9,Sun Devils,ASU,,ASU,Arizona State,Pac-12,South,#942139,#f1f2f3,http://a.espncdn.com/i/teamlogos/ncaa/500/9.png,http://a.espncdn.com/i/teamlogos/ncaa/500-dark/9.png
Arkansas,SEC,75.7519379844961,SEC,69.2307692307692,-6.5211687537269,8,Razorbacks,ARK,,ARK,Arkansas,SEC,West,#9c1831,#000000,http://a.espncdn.com/i/teamlogos/ncaa/500/8.png,http://a.espncdn.com/i/teamlogos/ncaa/500-dark/8.png
Arkansas State,Sun Belt,73.6734693877551,Sun Belt,67.1904761904762,-6.48299319727892,2032,Red Wolves,ARST,,ARST,Arkansas State,Sun Belt,,#e81018,#000000,http://a.espncdn.com/i/teamlogos/ncaa/500/2032.png,http://a.espncdn.com/i/teamlogos/ncaa/500-dark/2032.png
Army,FBS Independents,67.8095238095238,FBS Independents,71.1615384615385,3.35201465201465,349,Black Knights,ARMY,,ARMY,Army,FBS Independents,,#ce9c00,#231f20,http://a.espncdn.com/i/teamlogos/ncaa/500/349.png,http://a.espncdn.com/i/teamlogos/ncaa/500-dark/349.png
Auburn,SEC,71.8347107438017,SEC,72.1451612903226,0.310450546520926,2,Tigers,AUB,,AUB,Auburn,SEC,West,#03244d,#f1f2f3,http://a.espncdn.com/i/teamlogos/ncaa/500/2.png,http://a.espncdn.com/i/teamlogos/ncaa/500-dark/2.png
Austin Peay,,76.3333333333333,,60.1666666666667,-16.1666666666667,,,,,,,,,,,,
Ball State,Mid-American,66.1149425287356,Mid-American,69.1123595505618,2.99741702182617,2050,Cardinals,BALL,,BALL,Ball State,Mid-American,West,#DA0000,#ffffff,http://a.espncdn.com/i/teamlogos/ncaa/500/2050.png,http://a.espncdn.com/i/teamlogos/ncaa/500-dark/2050.png
Baylor,Big 12,68.2820512820513,Big 12,69.2222222222222,0.940170940170944,239,Bears,BAY,,BAY,Baylor,Big 12,,#004834,#ffb81c,http://a.espncdn.com/i/teamlogos/ncaa/500/239.png,http://a.espncdn.com/i/teamlogos/ncaa/500-dark/239.png
Boise State,Mountain West,66.8333333333333,Mountain West,71.2417582417583,4.40842490842492,68,Broncos,BSU,,BSU,Boise State,Mountain West,Mountain,#09347A,#d8d9da,http://a.espncdn.com/i/teamlogos/ncaa/500/68.png,http://a.espncdn.com/i/teamlogos/ncaa/500-dark/68.png
Boston College,ACC,69.504347826087,ACC,70.7118644067797,1.20751658069271,103,Eagles,BC,,BC,Boston College,ACC,Atlantic,#88001a,#a39161,http://a.espncdn.com/i/teamlogos/ncaa/500/103.png,http://a.espncdn.com/i/teamlogos/ncaa/500-dark/103.png
Bowling Green,Mid-American,71.2258064516129,Mid-American,63.3709677419355,-7.85483870967742,189,Falcons,BGSU,Bowling Green State,BGSU,Bowling Green,Mid-American,East,#2b1000,#492000,http://a.espncdn.com/i/teamlogos/ncaa/500/189.png,http://a.espncdn.com/i/teamlogos/ncaa/500-dark/189.png
Buffalo,Mid-American,70.453488372093,Mid-American,71.5647058823529,1.11121751025992,2084,Bulls,BUFF,,BUFF,Buffalo,Mid-American,East,#041A9B,#ebebeb,http://a.espncdn.com/i/teamlogos/ncaa/500/2084.png,http://a.espncdn.com/i/teamlogos/ncaa/500-dark/2084.png
BYU,FBS Independents,69.9485294117647,FBS Independents,74.1304347826087,4.18190537084399,252,Cougars,BYU,Brigham Young,BYU,BYU,FBS Independents,,#001E4C,#ffffff,http://a.espncdn.com/i/teamlogos/ncaa/500/252.png,http://a.espncdn.com/i/teamlogos/ncaa/500-dark/252.png
California,Pac-12,74.16,Pac-12,65.8367346938776,-8.32326530612245,25,Golden Bears,CAL,,CAL,Cal,Pac-12,North,#031522,#ffc423,http://a.espncdn.com/i/teamlogos/ncaa/500/25.png,http://a.espncdn.com/i/teamlogos/ncaa/500-dark/25.png
Campbell,,75.4761904761905,,65.3333333333333,-10.1428571428572,,,,,,,,,,,,
Central Arkansas,,65.4333333333333,,68.7931034482759,3.35977011494252,,,,,,,,,,,,
Central Michigan,Mid-American,67.4457831325301,Mid-American,69.2619047619048,1.81612162937464,2117,Chippewas,CMU,,CMU,Cent Michigan,Mid-American,West,#6a0032,#ffffff,http://a.espncdn.com/i/teamlogos/ncaa/500/2117.png,http://a.espncdn.com/i/teamlogos/ncaa/500-dark/2117.png
Charlotte,Conference USA,70.6666666666667,Conference USA,68.8194444444445,-1.84722222222223,2429,49ers,CHAR,,CHAR,Charlotte,Conference USA,East,#0C562D,#cfab7a,http://a.espncdn.com/i/teamlogos/ncaa/500/2429.png,http://a.espncdn.com/i/teamlogos/ncaa/500-dark/2429.png
Chattanooga,,69.1,,61,-8.09999999999999,,,,,,,,,,,,
Cincinnati,American Athletic,62.1889763779528,American Athletic,68.9761904761905,6.78721409823773,2132,Bearcats,CIN,,CIN,Cincinnati,American Athletic,East,#000000,#717073,http://a.espncdn.com/i/teamlogos/ncaa/500/2132.png,http://a.espncdn.com/i/teamlogos/ncaa/500-dark/2132.png
Clemson,ACC,67.6219512195122,ACC,72.9634146341464,5.34146341463415,228,Tigers,CLEM,,CLEM,Clemson,ACC,Atlantic,#F66733,#522d80,http://a.espncdn.com/i/teamlogos/ncaa/500/228.png,http://a.espncdn.com/i/teamlogos/ncaa/500-dark/228.png
Coastal Carolina,Sun Belt,66.6074074074074,Sun Belt,73.5671641791045,6.95975677169707,324,Chanticleers,CCU,,CCU,C. Carolina,Sun Belt,,#007073,#876447,http://a.espncdn.com/i/teamlogos/ncaa/500/324.png,http://a.espncdn.com/i/teamlogos/ncaa/500-dark/324.png
Colorado,Pac-12,70.6666666666667,Pac-12,70.4,-0.266666666666666,38,Buffaloes,COLO,,COLO,Colorado,Pac-12,South,#d1c57e,#ffd200,http://a.espncdn.com/i/teamlogos/ncaa/500/38.png,http://a.espncdn.com/i/teamlogos/ncaa/500-dark/38.png
Colorado State,Mountain West,68.1896551724138,Mountain West,67.3888888888889,-0.800766283524908,36,Rams,CSU,,CSU,Colorado State,Mountain West,Mountain,#004537,#ffc425,http://a.espncdn.com/i/teamlogos/ncaa/500/36.png,http://a.espncdn.com/i/teamlogos/ncaa/500-dark/36.png
Duke,ACC,69.9366197183099,ACC,69.4513888888889,-0.485230829420971,150,Blue Devils,DUKE,,DUKE,Duke,ACC,Coastal,#001A57,#f1f2f3,http://a.espncdn.com/i/teamlogos/ncaa/500/150.png,http://a.espncdn.com/i/teamlogos/ncaa/500-dark/150.png
East Carolina,American Athletic,71.0683760683761,American Athletic,67.4,-3.66837606837606,151,Pirates,ECU,,ECU,ECU,American Athletic,East,#4b1869,#f0907b,http://a.espncdn.com/i/teamlogos/ncaa/500/151.png,http://a.espncdn.com/i/teamlogos/ncaa/500-dark/151.png
Eastern Kentucky,,73.0277777777778,,71.3333333333333,-1.69444444444444,,,,,,,,,,,,
Eastern Michigan,Mid-American,65.5616438356164,Mid-American,65.5616438356164,0,2199,Eagles,EMU,,EMU,E Michigan,Mid-American,West,#00331b,#f0f0f0,http://a.espncdn.com/i/teamlogos/ncaa/500/2199.png,http://a.espncdn.com/i/teamlogos/ncaa/500-dark/2199.png
Florida,SEC,71.6258503401361,SEC,73.9652777777778,2.33942743764172,57,Gators,FLA,,FLA,Florida,SEC,East,#0021A5,#0021a5,http://a.espncdn.com/i/teamlogos/ncaa/500/57.png,http://a.espncdn.com/i/teamlogos/ncaa/500-dark/57.png
Florida Atlantic,Conference USA,70.989247311828,Conference USA,71.6521739130435,0.662926601215531,2226,Owls,FAU,,FAU,FAU,Conference USA,East,#004B85,#bb2f4c,http://a.espncdn.com/i/teamlogos/ncaa/500/2226.png,http://a.espncdn.com/i/teamlogos/ncaa/500-dark/2226.png
Florida International,Conference USA,68.09375,Conference USA,71.171875,3.078125,2229,Golden Panthers,FIU,,FIU,FIU,Conference USA,East,#001538,#c5960c,http://a.espncdn.com/i/teamlogos/ncaa/500/2229.png,http://a.espncdn.com/i/teamlogos/ncaa/500-dark/2229.png
Florida State,ACC,71.7142857142857,ACC,68.0982142857143,-3.61607142857142,52,Seminoles,FSU,,FSU,FSU,ACC,Atlantic,#782F40,#ceb888,http://a.espncdn.com/i/teamlogos/ncaa/500/52.png,http://a.espncdn.com/i/teamlogos/ncaa/500-dark/52.png
Fresno State,Mountain West,70.9625,Mountain West,69.2820512820513,-1.68044871794872,278,Bulldogs,FRES,,FRES,Fresno State,Mountain West,West,#c41230,#231f20,http://a.espncdn.com/i/teamlogos/ncaa/500/278.png,http://a.espncdn.com/i/teamlogos/ncaa/500-dark/278.png
Georgia,SEC,63.1864406779661,SEC,69.4416666666667,6.25522598870056,61,Bulldogs,UGA,,UGA,Georgia,SEC,East,#CC0000,#000000,http://a.espncdn.com/i/teamlogos/ncaa/500/61.png,http://a.espncdn.com/i/teamlogos/ncaa/500-dark/61.png
Georgia Southern,Sun Belt,70.3026315789474,Sun Belt,63.4166666666667,-6.88596491228071,290,Eagles,GASO,,GASO,Ga Southern,Sun Belt,,#003775,#f0f0f0,http://a.espncdn.com/i/teamlogos/ncaa/500/290.png,http://a.espncdn.com/i/teamlogos/ncaa/500-dark/290.png
Georgia State,Sun Belt,65.2173913043478,Sun Belt,69.8057553956835,4.58836409133562,2247,Panthers,GAST,,GAST,Georgia State,Sun Belt,,#1e539a,#ebebeb,http://a.espncdn.com/i/teamlogos/ncaa/500/2247.png,http://a.espncdn.com/i/teamlogos/ncaa/500-dark/2247.png
Georgia Tech,ACC,71.2406015037594,ACC,67.9555555555556,-3.28504594820384,59,Yellow Jackets,GT,,GT,Georgia Tech,ACC,Coastal,#00223e,#002c56,http://a.espncdn.com/i/teamlogos/ncaa/500/59.png,http://a.espncdn.com/i/teamlogos/ncaa/500-dark/59.png
Hawai'i,Mountain West,67.3508771929825,Mountain West,63.4035087719298,-3.94736842105263,62,Rainbow Warriors,HAW,,HAW,Hawai'i,Mountain West,West,#003420,#ffffff,http://a.espncdn.com/i/teamlogos/ncaa/500/62.png,http://a.espncdn.com/i/teamlogos/ncaa/500-dark/62.png
Houston,American Athletic,70.5588235294118,American Athletic,70.3300970873787,-0.228726442033121,248,Cougars,HOU,,HOU,Houston,American Athletic,West,#C90822,#231f20,http://a.espncdn.com/i/teamlogos/ncaa/500/248.png,http://a.espncdn.com/i/teamlogos/ncaa/500-dark/248.png
Houston Baptist,,74.8421052631579,,70.775,-4.06710526315788,,,,,,,,,,,,
Illinois,Big Ten,72.1770833333333,Big Ten,71.5876288659794,-0.589454467353946,356,Fighting Illini,ILL,,ILL,Illinois,Big Ten,West,#f77329,#fa6300,http://a.espncdn.com/i/teamlogos/ncaa/500/356.png,http://a.espncdn.com/i/teamlogos/ncaa/500-dark/356.png
Indiana,Big Ten,69.656862745098,Big Ten,72.3921568627451,2.73529411764706,84,Hoosiers,IND,,IND,Indiana,Big Ten,East,#7D110C,#eeedeb,http://a.espncdn.com/i/teamlogos/ncaa/500/84.png,http://a.espncdn.com/i/teamlogos/ncaa/500-dark/84.png
Iowa,Big Ten,66.5576923076923,Big Ten,72.7809523809524,6.22326007326008,2294,Hawkeyes,IOWA,,IOWA,Iowa,Big Ten,West,#000000,#ffe100,http://a.espncdn.com/i/teamlogos/ncaa/500/2294.png,http://a.espncdn.com/i/teamlogos/ncaa/500-dark/2294.png
Iowa State,Big 12,69.0344827586207,Big 12,70.6595744680851,1.62509170946443,66,Cyclones,ISU,,ISU,Iowa State,Big 12,,#660015,#830b2c,http://a.espncdn.com/i/teamlogos/ncaa/500/66.png,http://a.espncdn.com/i/teamlogos/ncaa/500-dark/66.png
Jacksonville State,,71.7272727272727,,72.6666666666667,0.939393939393938,,,,,,,,,,,,
Kansas,Big 12,72.9147286821706,Big 12,61.9837398373984,-10.9309888447722,2305,Jayhawks,KU,,KU,Kansas,Big 12,,#0022B4,#e8000d,http://a.espncdn.com/i/teamlogos/ncaa/500/2305.png,http://a.espncdn.com/i/teamlogos/ncaa/500-dark/2305.png
Kansas State,Big 12,68.7984496124031,Big 12,66.0952380952381,-2.703211517165,2306,Wildcats,KSU,,KSU,Kansas State,Big 12,,#633194,#e7d2ad,http://a.espncdn.com/i/teamlogos/ncaa/500/2306.png,http://a.espncdn.com/i/teamlogos/ncaa/500-dark/2306.png
Kent State,Mid-American,69.86,Mid-American,65.72,-4.14,2309,Golden Flashes,KENT,,KENT,Kent State,Mid-American,East,#002445,#f0b510,http://a.espncdn.com/i/teamlogos/ncaa/500/2309.png,http://a.espncdn.com/i/teamlogos/ncaa/500-dark/2309.png
Kentucky,SEC,71.3548387096774,SEC,71.1854838709678,-0.16935483870968,96,Wildcats,UK,,UK,Kentucky,SEC,East,#005DAA,#ffffff,http://a.espncdn.com/i/teamlogos/ncaa/500/96.png,http://a.espncdn.com/i/teamlogos/ncaa/500-dark/96.png
Liberty,FBS Independents,67.8492063492064,FBS Independents,71.2727272727273,3.42352092352091,2335,Flames,LIB,,LIB,Liberty,FBS Independents,,#071740,#a61f21,http://a.espncdn.com/i/teamlogos/ncaa/500/2335.png,http://a.espncdn.com/i/teamlogos/ncaa/500-dark/2335.png
Louisiana,Sun Belt,66.5187969924812,Sun Belt,72.0601503759399,5.54135338345866,309,Ragin' Cajuns,ULL,UL Lafayette,ULL,Louisiana,Sun Belt,,#ce2842,,http://a.espncdn.com/i/teamlogos/ncaa/500/309.png,http://a.espncdn.com/i/teamlogos/ncaa/500-dark/309.png
Louisiana Monroe,Sun Belt,72.844262295082,Sun Belt,66.4375,-6.40676229508196,2433,Warhawks,ULM,La.-Monroe,ULM,UL Monroe,Sun Belt,,#231F20,#b18445,http://a.espncdn.com/i/teamlogos/ncaa/500/2433.png,http://a.espncdn.com/i/teamlogos/ncaa/500-dark/2433.png
Louisiana Tech,Conference USA,64.9685039370079,Conference USA,65.0476190476191,0.079115110611184,2348,Bulldogs,LT,,LT,LA Tech,Conference USA,West,#002d65,#d3313a,http://a.espncdn.com/i/teamlogos/ncaa/500/2348.png,http://a.espncdn.com/i/teamlogos/ncaa/500-dark/2348.png
Louisville,ACC,73.2121212121212,ACC,66.4251968503937,-6.78692436172752,97,Cardinals,LOU,,LOU,Louisville,ACC,Atlantic,#ad000a,#cccccc,http://a.espncdn.com/i/teamlogos/ncaa/500/97.png,http://a.espncdn.com/i/teamlogos/ncaa/500-dark/97.png
LSU,SEC,70.268115942029,SEC,72.8776978417266,2.60958189969763,99,Tigers,LSU,Louisiana State,LSU,LSU,SEC,West,#22005c,#fdd023,http://a.espncdn.com/i/teamlogos/ncaa/500/99.png,http://a.espncdn.com/i/teamlogos/ncaa/500-dark/99.png
Marshall,Conference USA,69.5263157894737,Conference USA,73.0521739130435,3.52585812356979,276,Thundering Herd,MRSH,,MRSH,Marshall,Conference USA,East,#186329,#be854c,http://a.espncdn.com/i/teamlogos/ncaa/500/276.png,http://a.espncdn.com/i/teamlogos/ncaa/500-dark/276.png
Maryland,Big Ten,71.5454545454546,Big Ten,73.5507246376812,2.00527009222661,120,Terrapins,MD,,MD,Maryland,Big Ten,East,#D5002B,#ffcd00,http://a.espncdn.com/i/teamlogos/ncaa/500/120.png,http://a.espncdn.com/i/teamlogos/ncaa/500-dark/120.png
Memphis,American Athletic,72.15,American Athletic,72.2714285714286,0.121428571428567,235,Tigers,MEM,,MEM,Memphis,American Athletic,West,#002447,#231f20,http://a.espncdn.com/i/teamlogos/ncaa/500/235.png,http://a.espncdn.com/i/teamlogos/ncaa/500-dark/235.png
Mercer,,74.4,,58.2222222222222,-16.1777777777778,,,,,,,,,,,,
Miami,ACC,72.1798561151079,ACC,71.1118881118881,-1.0679680032198,2390,Hurricanes,MIAMI,Miami (FL),MIAMI,Miami,ACC,Coastal,#004325,#f0f0f0,http://a.espncdn.com/i/teamlogos/ncaa/500/2390.png,http://a.espncdn.com/i/teamlogos/ncaa/500-dark/2390.png
Miami (OH),Mid-American,71.1363636363636,Mid-American,76.6956521739131,5.55928853754941,193,RedHawks,M-OH,,M-OH,Miami (OH),Mid-American,East,#a4000c,#f0f0f0,http://a.espncdn.com/i/teamlogos/ncaa/500/193.png,http://a.espncdn.com/i/teamlogos/ncaa/500-dark/193.png
Michigan,Big Ten,70.1095890410959,Big Ten,71.1447368421053,1.03514780100937,130,Wolverines,MICH,,MICH,Michigan,Big Ten,East,#00274c,#ffcb05,http://a.espncdn.com/i/teamlogos/ncaa/500/130.png,http://a.espncdn.com/i/teamlogos/ncaa/500-dark/130.png
Michigan State,Big Ten,74.3030303030303,Big Ten,64.8659793814433,-9.437050921587,127,Spartans,MSU,,MSU,Michigan State,Big Ten,East,#18453B,#ffffff,http://a.espncdn.com/i/teamlogos/ncaa/500/127.png,http://a.espncdn.com/i/teamlogos/ncaa/500-dark/127.png
Middle Tennessee,Conference USA,70.5454545454546,Conference USA,68.5178571428572,-2.02759740259741,2393,Blue Raiders,MTSU,Middle Tennessee State,MTSU,Mid Tennessee,Conference USA,East,#0079C2,#c3c5c8,http://a.espncdn.com/i/teamlogos/ncaa/500/2393.png,http://a.espncdn.com/i/teamlogos/ncaa/500-dark/2393.png
Minnesota,Big Ten,73.8888888888889,Big Ten,70.0379746835443,-3.85091420534458,135,Golden Gophers,MINN,,MINN,Minnesota,Big Ten,West,#7F011B,#7a0019,http://a.espncdn.com/i/teamlogos/ncaa/500/135.png,http://a.espncdn.com/i/teamlogos/ncaa/500-dark/135.png
Mississippi State,SEC,72.3503649635037,SEC,67.5985401459854,-4.75182481751826,344,Bulldogs,MSST,,MSST,Miss St,SEC,West,#762123,#c8c8c8,http://a.espncdn.com/i/teamlogos/ncaa/500/344.png,http://a.espncdn.com/i/teamlogos/ncaa/500-dark/344.png
Missouri,SEC,72.0940170940171,SEC,71.3304347826087,-0.763582311408399,142,Tigers,MIZ,,MIZ,Missouri,SEC,East,#000000,#000000,http://a.espncdn.com/i/teamlogos/ncaa/500/142.png,http://a.espncdn.com/i/teamlogos/ncaa/500-dark/142.png
Missouri State,,77.25,,56.7692307692308,-20.4807692307692,,,,,,,,,,,,
Navy,American Athletic,72.6120689655172,American Athletic,64.3771929824561,-8.2348759830611,2426,Midshipmen,NAVY,,NAVY,Navy,American Athletic,West,#131630,#b6a77c,http://a.espncdn.com/i/teamlogos/ncaa/500/2426.png,http://a.espncdn.com/i/teamlogos/ncaa/500-dark/2426.png
NC State,ACC,69.3525641025641,ACC,71.0263157894737,1.67375168690958,152,Wolfpack,NCST,North Carolina St.,NCST,NC State,ACC,Atlantic,#EF1216,#231f20,http://a.espncdn.com/i/teamlogos/ncaa/500/152.png,http://a.espncdn.com/i/teamlogos/ncaa/500-dark/152.png
Nebraska,Big Ten,73.9690721649485,Big Ten,67.2,-6.76907216494845,158,Cornhuskers,NEB,,NEB,Nebraska,Big Ten,West,#F20017,#f5f1e7,http://a.espncdn.com/i/teamlogos/ncaa/500/158.png,http://a.espncdn.com/i/teamlogos/ncaa/500-dark/158.png
Nevada,Mountain West,69.4444444444445,Mountain West,71.3240740740741,1.87962962962963,2440,Wolf Pack,NEV,,NEV,Nevada,Mountain West,West,#153E5F,#8e9295,http://a.espncdn.com/i/teamlogos/ncaa/500/2440.png,http://a.espncdn.com/i/teamlogos/ncaa/500-dark/2440.png
New Mexico,Mountain West,63.3068181818182,Mountain West,63.5,0.19318181818182,167,Lobos,UNM,,UNM,New Mexico,Mountain West,Mountain,#000000,#231f20,http://a.espncdn.com/i/teamlogos/ncaa/500/167.png,http://a.espncdn.com/i/teamlogos/ncaa/500-dark/167.png
North Alabama,,69.6857142857143,,66.0606060606061,-3.62510822510822,,,,,,,,,,,,
North Carolina,ACC,70.523178807947,ACC,72.2119205298013,1.6887417218543,153,Tar Heels,UNC,,UNC,UNC,ACC,Coastal,#99bfe5,#13294b,http://a.espncdn.com/i/teamlogos/ncaa/500/153.png,http://a.espncdn.com/i/teamlogos/ncaa/500-dark/153.png
North Texas,Conference USA,71.7462686567164,Conference USA,68.7537313432836,-2.99253731343285,249,Mean Green,UNT,,UNT,North Texas,Conference USA,West,#00853D,#000000,http://a.espncdn.com/i/teamlogos/ncaa/500/249.png,http://a.espncdn.com/i/teamlogos/ncaa/500-dark/249.png
Northern Illinois,Mid-American,72.038961038961,Mid-American,66.1842105263158,-5.85475051264524,2459,Huskies,NIU,,NIU,N Illinois,Mid-American,West,#F1122C,#cc0000,http://a.espncdn.com/i/teamlogos/ncaa/500/2459.png,http://a.espncdn.com/i/teamlogos/ncaa/500-dark/2459.png
Northwestern,Big Ten,69.7017543859649,Big Ten,70.359649122807,0.657894736842096,77,Wildcats,NW,,NW,Northwestern,Big Ten,West,#372286,#d6cac1,http://a.espncdn.com/i/teamlogos/ncaa/500/77.png,http://a.espncdn.com/i/teamlogos/ncaa/500-dark/77.png
Notre Dame,FBS Independents,70.8695652173913,FBS Independents,74.887323943662,4.01775872627067,87,Fighting Irish,ND,,ND,Notre Dame,FBS Independents,,#00122b,#ae9142,http://a.espncdn.com/i/teamlogos/ncaa/500/87.png,http://a.espncdn.com/i/teamlogos/ncaa/500-dark/87.png
Ohio,Mid-American,59.7894736842105,Mid-American,73.7027027027027,13.9132290184922,195,Bobcats,OHIO,,OHIO,Ohio,Mid-American,East,#295A29,#e4bb85,http://a.espncdn.com/i/teamlogos/ncaa/500/195.png,http://a.espncdn.com/i/teamlogos/ncaa/500-dark/195.png
Ohio State,Big Ten,70.5686274509804,Big Ten,76.0660377358491,5.49741028486866,194,Buckeyes,OSU,,OSU,OSU,Big Ten,East,#DE3121,#666666,http://a.espncdn.com/i/teamlogos/ncaa/500/194.png,http://a.espncdn.com/i/teamlogos/ncaa/500-dark/194.png
Oklahoma,Big 12,66.3287671232877,Big 12,71.3,4.97123287671232,201,Sooners,OKLA,,OKLA,Oklahoma,Big 12,,#7b0000,#cccccc,http://a.espncdn.com/i/teamlogos/ncaa/500/201.png,http://a.espncdn.com/i/teamlogos/ncaa/500-dark/201.png
Oklahoma State,Big 12,66.7307692307692,Big 12,73.359477124183,6.62870789341378,197,Cowboys,OKST,,OKST,Oklahoma State,Big 12,,#FF6500,#ff9900,http://a.espncdn.com/i/teamlogos/ncaa/500/197.png,http://a.espncdn.com/i/teamlogos/ncaa/500-dark/197.png
Ole Miss,SEC,70.957264957265,SEC,74.1296296296296,3.17236467236468,145,Rebels,MISS,,MISS,Ole Miss,SEC,West,#001148,#00205b,http://a.espncdn.com/i/teamlogos/ncaa/500/145.png,http://a.espncdn.com/i/teamlogos/ncaa/500-dark/145.png
Oregon,Pac-12,71.0625,Pac-12,63.8809523809524,-7.18154761904762,2483,Ducks,ORE,,ORE,Oregon,Pac-12,North,#044520,#fee123,http://a.espncdn.com/i/teamlogos/ncaa/500/2483.png,http://a.espncdn.com/i/teamlogos/ncaa/500-dark/2483.png
Oregon State,Pac-12,65.275,Pac-12,68.575,3.3,204,Beavers,ORST,,ORST,Oregon State,Pac-12,North,#c34500,#dea076,http://a.espncdn.com/i/teamlogos/ncaa/500/204.png,http://a.espncdn.com/i/teamlogos/ncaa/500-dark/204.png
Penn State,Big Ten,70.0677966101695,Big Ten,67.8521739130435,-2.21562269712602,213,Nittany Lions,PSU,,PSU,Penn State,Big Ten,East,#00265D,#002e5c,http://a.espncdn.com/i/teamlogos/ncaa/500/213.png,http://a.espncdn.com/i/teamlogos/ncaa/500-dark/213.png
Pittsburgh,ACC,68.9060402684564,ACC,70.7382550335571,1.83221476510067,221,Panthers,PITT,Pitt,PITT,Pitt,ACC,Coastal,#003263,#231f20,http://a.espncdn.com/i/teamlogos/ncaa/500/221.png,http://a.espncdn.com/i/teamlogos/ncaa/500-dark/221.png
Purdue,Big Ten,71.3472222222222,Big Ten,68.6849315068493,-2.66229071537292,2509,Boilermakers,PUR,,PUR,Purdue,Big Ten,West,#B89D29,#a4a9ad,http://a.espncdn.com/i/teamlogos/ncaa/500/2509.png,http://a.espncdn.com/i/teamlogos/ncaa/500-dark/2509.png
Rice,Conference USA,66.3571428571429,Conference USA,71.1666666666667,4.80952380952381,242,Owls,RICE,,RICE,Rice,Conference USA,West,#003D7D,#d1d5d8,http://a.espncdn.com/i/teamlogos/ncaa/500/242.png,http://a.espncdn.com/i/teamlogos/ncaa/500-dark/242.png
Rutgers,Big Ten,67.6639344262295,Big Ten,70.198347107438,2.53441268120851,164,Scarlet Knights,RUTG,,RUTG,Rutgers,Big Ten,East,#d21034,#ffffff,http://a.espncdn.com/i/teamlogos/ncaa/500/164.png,http://a.espncdn.com/i/teamlogos/ncaa/500-dark/164.png
San Diego State,Mountain West,66.5841584158416,Mountain West,70.3018867924528,3.71772837661125,21,Aztecs,SDSU,,SDSU,San Diego State,Mountain West,West,#BF2C37,#a8996e,http://a.espncdn.com/i/teamlogos/ncaa/500/21.png,http://a.espncdn.com/i/teamlogos/ncaa/500-dark/21.png
San Jos√© State,Mountain West,56.7979797979798,Mountain West,59.3684210526316,2.57044125465178,23,Spartans,SJSU,San Jose St.,SJSU,San Jose State,Mountain West,West,#005893,#fdba31,http://a.espncdn.com/i/teamlogos/ncaa/500/23.png,http://a.espncdn.com/i/teamlogos/ncaa/500-dark/23.png
SMU,American Athletic,68.8148148148148,American Athletic,70.8167938931298,2.00197907831496,2567,Mustangs,SMU,Southern Methodist,SMU,SMU,American Athletic,West,#E32F38,#ecdcb9,http://a.espncdn.com/i/teamlogos/ncaa/500/2567.png,http://a.espncdn.com/i/teamlogos/ncaa/500-dark/2567.png
South Alabama,Sun Belt,72.5196850393701,Sun Belt,69.6299212598425,-2.88976377952756,6,Jaguars,USA,,USA,South Alabama,Sun Belt,,#003E7E,,http://a.espncdn.com/i/teamlogos/ncaa/500/6.png,http://a.espncdn.com/i/teamlogos/ncaa/500-dark/6.png
South Carolina,SEC,74.0178571428571,SEC,67.4782608695652,-6.53959627329192,2579,Gamecocks,SC,,SC,South Carolina,SEC,East,#670010,#000000,http://a.espncdn.com/i/teamlogos/ncaa/500/2579.png,http://a.espncdn.com/i/teamlogos/ncaa/500-dark/2579.png
South Florida,American Athletic,69.8899082568807,American Athletic,66.0679611650486,-3.82194709183219,58,Bulls,USF,,USF,USF,American Athletic,East,#004A36,#231f20,http://a.espncdn.com/i/teamlogos/ncaa/500/58.png,http://a.espncdn.com/i/teamlogos/ncaa/500-dark/58.png
Southern Mississippi,Conference USA,70.9,Conference USA,66.3983050847458,-4.50169491525425,2572,Golden Eagles,USM,,USM,Southern Miss,Conference USA,West,#FFAA3C,#ffc423,http://a.espncdn.com/i/teamlogos/ncaa/500/2572.png,http://a.espncdn.com/i/teamlogos/ncaa/500-dark/2572.png
Stanford,Pac-12,71.6153846153846,Pac-12,73.0806451612903,1.46526054590571,24,Cardinal,STAN,,STAN,Stanford,Pac-12,North,#A80532,#ffffff,http://a.espncdn.com/i/teamlogos/ncaa/500/24.png,http://a.espncdn.com/i/teamlogos/ncaa/500-dark/24.png
Stephen F. Austin,,78.0888888888889,,63.4042553191489,-14.68463356974,,,,,,,,,,,,
Syracuse,ACC,69.6054421768708,ACC,69.7972972972973,0.191855120426538,183,Orange,SYR,,SYR,Syracuse,ACC,Atlantic,#F37321,#0d1d37,http://a.espncdn.com/i/teamlogos/ncaa/500/183.png,http://a.espncdn.com/i/teamlogos/ncaa/500-dark/183.png
TCU,Big 12,70.4776119402985,Big 12,72.4388489208633,1.96123698056481,2628,Horned Frogs,TCU,Texas Christian,TCU,TCU,Big 12,,#3C377D,#f1f2f3,http://a.espncdn.com/i/teamlogos/ncaa/500/2628.png,http://a.espncdn.com/i/teamlogos/ncaa/500-dark/2628.png
Temple,American Athletic,70.1538461538462,American Athletic,67.4148936170213,-2.73895253682488,218,Owls,TEM,,TEM,Temple,American Athletic,East,#A80532,#a7a9ac,http://a.espncdn.com/i/teamlogos/ncaa/500/218.png,http://a.espncdn.com/i/teamlogos/ncaa/500-dark/218.png
Tennessee,SEC,72.6724137931035,SEC,71.7678571428571,-0.904556650246306,2633,Volunteers,TENN,,TENN,Tennessee,SEC,East,#EE9627,#ffffff,http://a.espncdn.com/i/teamlogos/ncaa/500/2633.png,http://a.espncdn.com/i/teamlogos/ncaa/500-dark/2633.png
Texas,Big 12,65.6737588652482,Big 12,66.2397260273973,0.565967162149022,251,Longhorns,TEX,,TEX,Texas,Big 12,,#EE7524,#f0f0f0,http://a.espncdn.com/i/teamlogos/ncaa/500/251.png,http://a.espncdn.com/i/teamlogos/ncaa/500-dark/251.png
Texas A&M,SEC,68.9017857142857,SEC,74.0636363636364,5.16185064935065,245,Aggies,TA&M,,TA&M,Texas A&M,SEC,West,#5C0025,#ffffff,http://a.espncdn.com/i/teamlogos/ncaa/500/245.png,http://a.espncdn.com/i/teamlogos/ncaa/500-dark/245.png
Texas State,Sun Belt,71.9473684210526,Sun Belt,69.875,-2.07236842105263,326,Bobcats,TXST,,TXST,Texas State,Sun Belt,,#4e1719,#b4975a,http://a.espncdn.com/i/teamlogos/ncaa/500/326.png,http://a.espncdn.com/i/teamlogos/ncaa/500-dark/326.png
Texas Tech,Big 12,66.8840579710145,Big 12,66.4222222222222,-0.461835748792282,2641,Red Raiders,TTU,,TTU,Texas Tech,Big 12,,#C80025,#231f20,http://a.espncdn.com/i/teamlogos/ncaa/500/2641.png,http://a.espncdn.com/i/teamlogos/ncaa/500-dark/2641.png
The Citadel,,70.6944444444445,,64.1428571428572,-6.5515873015873,,,,,,,,,,,,
Toledo,Mid-American,67.5769230769231,Mid-American,71.8024691358025,4.22554605887939,2649,Rockets,TOL,,TOL,Toledo,Mid-American,West,#00488F,#ffd51d,http://a.espncdn.com/i/teamlogos/ncaa/500/2649.png,http://a.espncdn.com/i/teamlogos/ncaa/500-dark/2649.png
Troy,Sun Belt,70.5563909774436,Sun Belt,71.5925925925926,1.03620161514898,2653,Trojans,TROY,,TROY,Troy,Sun Belt,,#AE0210,#88898c,http://a.espncdn.com/i/teamlogos/ncaa/500/2653.png,http://a.espncdn.com/i/teamlogos/ncaa/500-dark/2653.png
Tulane,American Athletic,66.8101265822785,American Athletic,70.9192546583851,4.10912807610661,2655,Green Wave,TULN,,TULN,Tulane,American Athletic,West,#005837,#3baf29,http://a.espncdn.com/i/teamlogos/ncaa/500/2655.png,http://a.espncdn.com/i/teamlogos/ncaa/500-dark/2655.png
Tulsa,American Athletic,68.8965517241379,American Athletic,69.1416666666667,0.24511494252873,202,Golden Hurricane,TLSA,,TLSA,Tulsa,American Athletic,West,#004371,#ee3b33,http://a.espncdn.com/i/teamlogos/ncaa/500/202.png,http://a.espncdn.com/i/teamlogos/ncaa/500-dark/202.png
UAB,Conference USA,68.9491525423729,Conference USA,69.4553571428572,0.506204600484253,5,Blazers,UAB,Alabama-Birmingham,UAB,UAB,Conference USA,West,#003b28,#ffc845,http://a.espncdn.com/i/teamlogos/ncaa/500/5.png,http://a.espncdn.com/i/teamlogos/ncaa/500-dark/5.png
UCF,American Athletic,70.2340425531915,American Athletic,71.8642857142857,1.63024316109423,2116,Knights,UCF,Central Florida,UCF,UCF,American Athletic,East,#000000,#231f20,http://a.espncdn.com/i/teamlogos/ncaa/500/2116.png,http://a.espncdn.com/i/teamlogos/ncaa/500-dark/2116.png
UCLA,Pac-12,71.2758620689655,Pac-12,67.7362637362637,-3.53959833270179,26,Bruins,UCLA,,UCLA,UCLA,Pac-12,South,#005C8E,#ffc72c,http://a.espncdn.com/i/teamlogos/ncaa/500/26.png,http://a.espncdn.com/i/teamlogos/ncaa/500-dark/26.png
UMass,FBS Independents,74.8958333333333,FBS Independents,65.6875,-9.20833333333333,113,Minutemen,UMASS,,UMASS,UMass,FBS Independents,,#880007,,http://a.espncdn.com/i/teamlogos/ncaa/500/113.png,http://a.espncdn.com/i/teamlogos/ncaa/500-dark/113.png
UNLV,Mountain West,74.0138888888889,Mountain West,66.3972602739726,-7.61662861491628,2439,Rebels,UNLV,Nevada-Las Vegas,UNLV,UNLV,Mountain West,West,#000000,#c2c4c6,http://a.espncdn.com/i/teamlogos/ncaa/500/2439.png,http://a.espncdn.com/i/teamlogos/ncaa/500-dark/2439.png
USC,Pac-12,63.0384615384616,Pac-12,74.0821917808219,11.0437302423604,30,Trojans,USC,,USC,USC,Pac-12,South,#AE2531,#ffc72c,http://a.espncdn.com/i/teamlogos/ncaa/500/30.png,http://a.espncdn.com/i/teamlogos/ncaa/500-dark/30.png
UT San Antonio,Conference USA,69.8768115942029,Conference USA,73.5955882352941,3.71877664109121,2636,Roadrunners,UTSA,Texas-San Antonio,UTSA,UTSA,Conference USA,West,#002A5C,#f47321,http://a.espncdn.com/i/teamlogos/ncaa/500/2636.png,http://a.espncdn.com/i/teamlogos/ncaa/500-dark/2636.png
Utah,Pac-12,68.1692307692308,Pac-12,69.7941176470588,1.62488687782806,254,Utes,UTAH,,UTAH,Utah,Pac-12,South,#890012,#7e8083,http://a.espncdn.com/i/teamlogos/ncaa/500/254.png,http://a.espncdn.com/i/teamlogos/ncaa/500-dark/254.png
Utah State,Mountain West,70.3857142857143,Mountain West,74,3.61428571428571,328,Aggies,USU,,USU,Utah State,Mountain West,Mountain,#003263,#949ca1,http://a.espncdn.com/i/teamlogos/ncaa/500/328.png,http://a.espncdn.com/i/teamlogos/ncaa/500-dark/328.png
UTEP,Conference USA,69.5263157894737,Conference USA,67.2688172043011,-2.25749858517261,2638,Miners,UTEP,Texas-El Paso,UTEP,UTEP,Conference USA,West,#002843,#ff6f12,http://a.espncdn.com/i/teamlogos/ncaa/500/2638.png,http://a.espncdn.com/i/teamlogos/ncaa/500-dark/2638.png
Vanderbilt,SEC,74.010989010989,SEC,68.9255319148936,-5.0854570960954,238,Commodores,VAN,,VAN,Vanderbilt,SEC,East,#000000,#231f20,http://a.espncdn.com/i/teamlogos/ncaa/500/238.png,http://a.espncdn.com/i/teamlogos/ncaa/500-dark/238.png
Virginia,ACC,70.7829457364341,ACC,69.640625,-1.14232073643412,258,Cavaliers,UVA,,UVA,UVA,ACC,Coastal,#00204e,#002d62,http://a.espncdn.com/i/teamlogos/ncaa/500/258.png,http://a.espncdn.com/i/teamlogos/ncaa/500-dark/258.png
Virginia Tech,ACC,69.762962962963,ACC,72.0592592592593,2.2962962962963,259,Hokies,VT,,VT,VT,ACC,Coastal,#74232D,#c2c1ba,http://a.espncdn.com/i/teamlogos/ncaa/500/259.png,http://a.espncdn.com/i/teamlogos/ncaa/500-dark/259.png
Wake Forest,ACC,70.3193277310924,ACC,69.3471074380165,-0.972220293075921,154,Demon Deacons,WAKE,,WAKE,Wake Forest,ACC,Atlantic,#9E7E38,#000000,http://a.espncdn.com/i/teamlogos/ncaa/500/154.png,http://a.espncdn.com/i/teamlogos/ncaa/500-dark/154.png
Washington,Pac-12,66.5714285714286,Pac-12,73.275,6.70357142857144,264,Huskies,WASH,,WASH,Washington,Pac-12,North,#2B2F64,#e8e3d3,http://a.espncdn.com/i/teamlogos/ncaa/500/264.png,http://a.espncdn.com/i/teamlogos/ncaa/500-dark/264.png
Washington State,Pac-12,71.1960784313726,Pac-12,69.3137254901961,-1.88235294117648,265,Cougars,WSU,,WSU,Washington St,Pac-12,North,#94022a,#6a747c,http://a.espncdn.com/i/teamlogos/ncaa/500/265.png,http://a.espncdn.com/i/teamlogos/ncaa/500-dark/265.png
West Virginia,Big 12,70.4193548387097,Big 12,71.6803278688525,1.26097303014278,277,Mountaineers,WVU,,WVU,West Virginia,Big 12,,#FFC600,#eaaa00,http://a.espncdn.com/i/teamlogos/ncaa/500/277.png,http://a.espncdn.com/i/teamlogos/ncaa/500-dark/277.png
Western Carolina,,72.3461538461539,,62.56,-9.78615384615384,,,,,,,,,,,,
Western Kentucky,Conference USA,70.7925925925926,Conference USA,70.2426470588235,-0.549945533769062,98,Hilltoppers,WKU,,WKU,W Kentucky,Conference USA,East,#F32026,#b3b5b8,http://a.espncdn.com/i/teamlogos/ncaa/500/98.png,http://a.espncdn.com/i/teamlogos/ncaa/500-dark/98.png
Western Michigan,Mid-American,66.0684931506849,Mid-American,69.7027027027027,3.63420955201778,2711,Broncos,WMU,,WMU,W Michigan,Mid-American,West,#B59966,#bfa979,http://a.espncdn.com/i/teamlogos/ncaa/500/2711.png,http://a.espncdn.com/i/teamlogos/ncaa/500-dark/2711.png
Wisconsin,Big Ten,65.804347826087,Big Ten,72.6741573033708,6.86980947728384,275,Badgers,WIS,,WIS,Wisconsin,Big Ten,West,#A00001,#f7f7f7,http://a.espncdn.com/i/teamlogos/ncaa/500/275.png,http://a.espncdn.com/i/teamlogos/ncaa/500-dark/275.png
Wyoming,Mountain West,69.7848101265823,Mountain West,70.0266666666667,0.241856540084399,2751,Cowboys,WYO,,WYO,Wyoming,Mountain West,Mountain,#533B22,#ffffff,http://a.espncdn.com/i/teamlogos/ncaa/500/2751.png,http://a.espncdn.com/i/teamlogos/ncaa/500-dark/2751.png
